Conference title	Conference code	Year	Status	Publisher	Ready	URL	Editors	Dates held	Location	Complete PDF	Type	Notes	file_name	Joint
Third International EAMT Workshop: Machine Translation and the Lexicon	eamt	1993		European Association for Machine Translation	TRUE	http://www.mt-archive.info/90/EAMT-1993-abstracts.htm	Steffens, Petra	April 26–28	Heidelberg, Germany		Abstracts		eamt.1993	
Machine Translation and Translation Theory	eamt	1994		European Association for Machine Translation	TRUE	http://www.mt-archive.info/90/EAMT-1994-TOC.htm	Hauenschild, Christa and Heizmann, Susanne	September 14–16	Hildesheim, Germany		TOC		1994.eamt	
EAMT Machine Translation Workshop	eamt	1996		European Association for Machine Translation	TRUE	http://www.mt-archive.info/90/EAMT-1996-WS.pdf	??Dimitri Theologitis	August 29-30 	Vienna, Austria		PDF	"Compiled by Dimitri Theologitis."? 	1996.eamt	
EAMT Workshop: Language Technology in your Organization?	eamt	1997		European Association for Machine Translation	TRUE	http://www.mt-archive.info/90/EAMT-1997-TOC.htm	Hutchins, John	May 21-22 	Copenhagen, Denmark		TOC	MT News: http://www.mt-archive.info/90/MTNI-17.pdf	1997.eamt	
Proceedings of the 1998 EAMT Workshop: Translation technology: integration in the workflow environment	eamt	1998		European Association for Machine Translation	TRUE	http://www.mt-archive.info/90/EAMT-1998-WS.pdf	??Hutchins, John	April 2–3	Geneva, Switzerland		PDF		1998.eamt	
EAMT Workshop: EU and the new languages	eamt	1999		European Association for Machine Translation	TRUE	http://www.mt-archive.info/90/EAMT-1999-TOC.htm		April 22–23	Prague, Czech Republic		TOC		1999.eamt	
5th EAMT Workshop: Harvesting Existing Resources	eamt	2000		European Association for Machine Translation	TRUE	http://www.mt-archive.info/00/EAMT-2000-TOC.htm		May 11–12	Ljubljana, Slovenia		TOC		2000.eamt	
6th EAMT Workshop: Teaching machine translation	eamt	2002		European Association for Machine Translation	TRUE	http://www.mt-archive.info/00/EAMT-2002-TOC.htm	Derek Lewis	November 14–15	Manchester, UK		TOC		2002.eamt	
EAMT Workshop: Improving MT through other language technology tools: resources and tools for building MT	eamt	2003	In Anthology	European Association for Machine Translation	TRUE	http://www.mt-archive.info/00/EAMT-2003-TOC.htm		April 13	Budapest, Hungary		TOC	Workshop at EACL-03	2003.eamt	
Joint Conference of the 8th International Workshop of the European Association for Machine Translation and the 4th Controlled Language Applications Workshop (EAMT-CLAW)	eamt	2003		European Association for Machine Translation	TRUE	http://www.mt-archive.info/00/CLT-2003-TOC.htm		May 15–17	Dublin, Ireland		TOC		2003.eamt	
9th EAMT Workshop: Broadening horizons of machine translation and its applications	eamt	2004		European Association for Machine Translation	TRUE	http://www.mt-archive.info/00/EAMT-2004-TOC.htm		April 26–27	Malta		TOC		2004.eamt	
Proceedings of the 10th EAMT Conference: Practical applications of machine translation	eamt	2005		European Association for Machine Translation	TRUE	http://www.mt-archive.info/05/EAMT-2005-TOC.htm		May 30–31	Budapest, Hungary		TOC		2005.eamt	
Proceedings of the 11th Annual conference of the European Association for Machine Translation	eamt	2006		European Association for Machine Translation	TRUE	http://www.mt-archive.info/05/EAMT-2006-TOC.htm	Viggo Hansen and Bente Maegaard	June 19–20	Oslo, Norway		TOC		2006.eamt	
Proceedings of the 12th Annual conference of the European Association for Machine Translation	eamt	2008		European Association for Machine Translation	TRUE	http://www.mt-archive.info/05/EAMT-2008-TOC.htm	Hutchins, John and Hahn, Walther	September 22-23	Hamburg, Germany		TOC		2008.eamt	
Proceedings of the 13th Annual conference of the European Association for Machine Translation	eamt	2009		European Association for Machine Translation	TRUE	http://www.mt-archive.info/05/EAMT-2009-TOC.htm	Màrquez, Lluís and Somers, Harold	May 14–15	Barcelona, Spain		TOC		2009.eamt	
Machine Technologies for Historical Linguistics	eamt	2009		European Association for Machine Translation	TRUE	http://www.mt-archive.info/05/EAMT-2009-TOC.htm	??	May 13	Barcelona, Spain		TOC		2009.histo	
Proceedings of the 14th Annual conference of the European Association for Machine Translation	eamt	2010		European Association for Machine Translation	TRUE	http://www.mt-archive.info/10/EAMT-2010-TOC.htm	Yvon, François and Hansen, Viggo	May 27–28	Saint Raphaël, France		TOC		2010.eamt	
Proceedings of the 15th Annual conference of the European Association for Machine Translation	eamt	2011		European Association for Machine Translation	TRUE	http://www.mt-archive.info/10/EAMT-2011-TOC.htm	Forcada, Mikel L. and Depraetere, Heidi and Vandeghinste, Vincent	May 30–31	Leuven, Belgium		TOC		2011.eamt	
Proceedings of the 16th Annual conference of the European Association for Machine Translation	eamt	2012		European Association for Machine Translation	TRUE	http://www.mt-archive.info/10/EAMT-2012-TOC.htm	Cettolo, Mauro and Federico, Marcello and Specia, Lucia and Way, Andy	May 28–30	Trento, Italy	http://www.mt-archive.info/10/EAMT-2012-complete.pdf	TOC		2012.eamt	
Proceedings of the 17th Annual conference of the European Association for Machine Translation	eamt	2014	Done	European Association for Machine Translation	TRUE	http://www.mt-archive.info/10/EAMT-2014-TOC.htm	Cettolo, Mauro and Federico, Marcello and Specia, Lucia and Way, Andy	June 16-18	Dubrovnik, Croatia		TOC		2014.eamt	
Proceedings of the 18th Annual Conference of the European Association for Machine Translation	eamt	2015	In Anthology	European Association for Machine Translation	TRUE	http://www.mt-archive.info/15/EAMT-2015-TOC.htm	El‐Kahlout, İIknur and Özkan, Mehmed and Sánchez‐Martínez, Felipe and Ramírez‐Sánchez, Gema and Hollywood, Fred and Way, Andy	May 11–13	Antalya, Turkey		TOC		2015.eamt	
Proceedings of the 19th Annual Conference of the European Association for Machine Translation	eamt	2016	In Anthology	Baltic Journal of Modern Computing	TRUE	http://www.mt-archive.info/15/EAMT-2016-TOC.htm		May 30–June 1	Riga, Latvia		TOC		2016.eamt	
Conference on Mechanical Translation	preconf	1952		?? Not mentionned on TOC	TRUE	http://www.mt-archive.info/50/MIT-1952-TOC.htm	??R.H.Richens and A.D.Booth	17-20 June	Massachusetts Institute of Technology		TOC	Report on the conference can be found here: http://www.mt-archive.info/MT-1954-Reifler.pdf and here: http://www.mt-archive.info/MT-1954-Reynolds.pdf 	1952.preconf	
International Conference on Mechanical Translation	preconf	1956		?? Not mentionned on TOC	TRUE	http://www.mt-archive.info/50/MechTrans-3-2-1956.pdf	??	20 October	Massachusetts Institute of Technology		PDF		1956.preconf	
Research in Machine Translation	preconf	1957		?? Not mentionned on TOC	TRUE	http://www.mt-archive.info/50/GURT-1957-TOC.htm	Léon Dostert	12-13 April	Georgetown University		TOC		1957.preconf	
National Symposium on Machine Translation	preconf	1960		?? Not mentionned on TOC	TRUE	http://www.mt-archive.info/50/UCLA-1960-TOC.htm	H.P.EDMUNDSON	2-5 February	Los Angeles		TOC		1960.preconf-a	
Federally sponsored machine translation workers	preconf	1960		?? Not mentionned on TOC	TRUE	http://www.mt-archive.info/50/Princeton-1960.pdf	??	18-22 July	Princeton		PDF		1960.preconf	
International Conference on Machine Translation and Applied Language Analysis	preconf	1961		?? Not mentionned on TOC	TRUE	http://www.mt-archive.info/50/NPL-1961-TOC.htm	?? Not mentionned on TOC	5-8 September	National Physical Laboratory		TOC		1961.preconf	
Automatic translation of languages NATO Summer School	preconf	1962		??Pergamon Press	TRUE	http://www.mt-archive.info/50/NATO-1962-TOC.htm	??ALDO GHIZZETTI	July	Venice		TOC		1962.preconf	
Annual meeting of the Association for Machine Translation and Computational Linguistics	preconf	1963		?? Not mentionned on TOC	TRUE	http://www.mt-archive.info/50/AMTCL-1963-TOC.htm	?? Not mentionned on TOC	25-26 August	Denver, Colorado		TOC & PDF	Abstract: http://www.mt-archive.info/50/AMTCL-1963-TOC.htm	1963.preconf	
Feasibility Study on Fully Automatic High Quality Translation	preconf	1971		?? Rome Air Development Center  Air Force Systems Command  Griffiss Air Force Base, New York	TRUE	http://www.mt-archive.info/70/LRC-1971-TOC.htm	??Dr.Winfred P. Lehmann  Dr.Rolf Stachowitz		University of Texas		TOC		1971.preconf	
FBIS [Foreign Broadcast Information Service] Seminar on Machine Translation	preconf	1976		?? Not mentionned on TOC	TRUE	http://www.mt-archive.info/70/FBIS-1976-TOC.htm	?? Published in American Journal of Computational Linguistics, microfiche 46	8-9 March	Virginia		TOC		1976.preconf	
Proceedings of MT Summit I	mtsummit	1987		?? Not mentionned on TOC	TRUE	http://www.mt-archive.info/70/MTS-1987-TOC.htm	?? Not mentionned on TOC, maybe Makoto Nagao?	September 17-19	Hakone, Japan		TOC	Also included in proceedings Current machine translation systems in Japan http://www.mt-archive.info/70/MTS-1987-Appendix.pdf 	1987.mtsummit	1987.mtsummit
Proceedings of MT Summit II	mtsummit	1989		?? Not mentionned on TOC	TRUE	http://www.mt-archive.info/70/MTS-1989-TOC.htm	?? Not mentionned on TOC	August 16-18	München, Germany		TOC	Papers have titles in their pdf, and the order of pages is strange.	1989.mtsummit	1989.mtsummit
Proceedings of MT Summit III	mtsummit	1991		?? Not mentionned on TOC	TRUE	http://www.mt-archive.info/90/MTS-1991-TOC.htm	?? Not mentionned on TOC	July 1-4	Washington DC, USA		TOC	[Conference reports in MT News International  no. 1, January 1992; and in MT News International no.2, May 1992] MT journal1: http://www.mt-archive.info/MTNI-1.pdf MT journal2: http://www.mt-archive.info/MTNI-2.pdf	1991.mtsummit	1991.mtsummit
Progress in Machine Translation	pmt	1991		?? Not mentionned on TOC	TRUE	http://www.mt-archive.info/Nirenburg-1993-TOC.htm	Sergei Nirenburg	July	Amsterdam/Oxford/Washington, DC 1993 Tokyo/Osaka/Kyoto: Ohmsha			Includes papers presented at the MT Summit III conference, Washington, DC, USA, July 1991	1991.pmt	???
Proceedings of MT Summit IV	mtsummit	1993		?? Not mentionned on TOC	TRUE	http://www.mt-archive.info/90/MTS-1993-TOC.htm		July 19-22	Kobe, Japan		TOC	Mt journal: http://www.mt-archive.info/MTNI-6.pdf	1993.mtsummit	1993.mtsummit
Proceedings of MT Summit V	mtsummit	1995		?? Not mentionned on TOC	TRUE	http://www.mt-archive.info/90/MTS-1995-TOC.htm	??John Hutchins	July 10-13	Luxembourg, Luxembourg		TOC	Mt journal: http://www.mt-archive.info/MTNI-12.pdf	1995.mtsummit	1995.mtsummit
Proceedings of MT Summit VI	mtsummit	1997		?? Not mentionned on TOC	TRUE	http://www.mt-archive.info/90/MTS-1997-TOC.htm	Virginia Teller and Beth Sundheim	October 29 – November 1	San Diego, California		TOC	Other events (not included in the proceedings): AMTA/SIG-IL First Workshop on Interlinguas, 28 October 1997. Table of contents	1997.mtsummit	1997.mtsummit
AMTA/SIG-IL First Workshop on Interlinguas	inter	1997		?? Not mentionned on TOC	TRUE	http://www.mt-archive.info/AMTA-1997-TOC.htm	?? Not mentionned on TOC	October 28	San Diego, California		TOC	Not included in the mtsummit proceeding	1997.inter	1997.mtsummit
Proceedings of MT Summit VII	mtsummit	1999		?? Not mentionned on TOC	TRUE	http://www.mt-archive.info/90/MTS-1999-TOC.htm	?? Not mentionned on TOC	September 13-17	Singapore, Singapore		TOC		1999.mtsummit	1999.mtsummit
Proceedings of MT Summit VIII	mtsummit	2001		?? Not mentionned on TOC	TRUE	http://www.mt-archive.info/00/MTS-2001-TOC.htm	Bente Maegaard	September 18-22	Santiago de Compostela, Spain		TOC	MT journal :http://www.mt-archive.info/00/MTNI-29.pdf	2001.mtsummit	2001.mtsummit
MT evaluation workshop	eval	2001		?? Not mentionned on TOC	TRUE	http://www.mt-archive.info/00/MTS-2001-TOC.htm			Santiago de Compostela, Spain		TOC		2001.eval	2001.mtsummit
International Workshop on Example-Based Machine Translation	ebmt	2001		?? Not mentionned on TOC	TRUE	http://www.mt-archive.info/00/MTS-2001-TOC.htm			Santiago de Compostela, Spain		TOC		2001.ebmt	2001.mtsummit
Teaching Machine Translation	teach	2001		?? Not mentionned on TOC	TRUE	http://www.mt-archive.info/00/MTS-2001-TOC.htm			Santiago de Compostela, Spain		TOC		2001.teach	2001.mtsummit
Towards a Road Map for MT	road	2001		?? Not mentionned on TOC	TRUE	http://www.mt-archive.info/00/MTS-2001-TOC.htm			Santiago de Compostela, Spain		TOC		2001.road	2001.mtsummit
Proceedings of MT Summit IX	mtsummit	2003		?? Not mentionned on TOC	TRUE	http://www.mt-archive.info/00/MTS-2003-TOC.htm	??program chair, Elliott Macklovitch ?? EDITOR-IN-CHIEF in MT news:Laurie Gerber	September 23-27	New Orleans, USA		TOC	http://www.mt-archive.info/00/MTNI-34.pdf	2003.mtsummit	2003.mtsummit
AMTA/SIG-IL, Sixth Workshop on Interlinguals	inter	2003	Duplicate	?? Not mentionned on TOC	FALSE	http://www.mt-archive.info/00/MTS-2003-TOC.htm			New Orleans, USA		TOC		2003.inter	2003.mtsummit
Machine translation for Semitic languages: issues and approaches	semit	2003		?? Not mentionned on TOC	TRUE	http://www.mt-archive.info/00/MTS-2003-TOC.htm			New Orleans, USA		TOC		2003.semit	2003.mtsummit
Teaching Translation Technologies and Tools	teach	2003		?? Not mentionned on TOC	TRUE	http://www.mt-archive.info/00/MTS-2003-TOC.htm			New Orleans, USA		TOC		2003.teach	2003.mtsummit
Towards Systematizing MT Evaluation	eval	2003		?? Not mentionned on TOC	TRUE	http://www.mt-archive.info/00/MTS-2003-TOC.htm			New Orleans, USA		TOC		2003.eval	2003.mtsummit
Proceedings of MT Summit X	mtsummit	2005		?? Not mentionned on TOC	TRUE	http://www.mt-archive.info/05/MTS-2005-TOC.htm		September 13-15	Phuket, Thailand		TOC		2005.mtsummit	2005.mtsummit
Open-source machine translation workshop	osmtw	2005		?? Not mentionned on TOC	TRUE	http://www.mt-archive.info/05/MTS-2005-TOC.htm			Phuket, Thailand		TOC		2005.osmtw	2005.mtsummit
International Workshop on Example-Based Machine Translation	ebmt	2005	Duplicate	?? Not mentionned on TOC	FALSE	http://www.mt-archive.info/05/MTS-2005-TOC.htm			Phuket, Thailand		TOC		see#2005.ebmt	2005.mtsummit
Proceedings of the First Workshop on Patent Translation	wpt	2005		?? Not mentionned on TOC	TRUE	http://www.mt-archive.info/05/MTS-2005-TOC.htm			Phuket, Thailand		TOC		2005.wpt	2005.mtsummit
Semantic Web technologies for machine translation	swtmt	2005		?? Not mentionned on TOC	TRUE	http://www.mt-archive.info/05/MTS-2005-TOC.htm			Phuket, Thailand		TOC		2005.swtmt	2005.mtsummit
Proceedings of MT Summit XI	mtsummit	2007		?? Not mentionned on TOC	TRUE	http://www.mt-archive.info/05/MTS-2007-TOC.htm	Bente Maegaard	September 10-14	Copenhagen, Denmark		TOC	Has a cover: http://www.mt-archive.info/MTS-2007-cover.pdf	2007.mtsummit	2007.mtsummit
Proceedings of the Second Workshop on Patent Translation	wpt	2007		?? Not mentionned on TOC	TRUE	http://www.mt-archive.info/05/MTS-2007-TOC.htm	?? Not mentionned on TOC		Copenhagen, Denmark		TOC	preliminary matters and content: http://www.mt-archive.info/MTS-2007-WS-3-prelims.pdf	2007.wpt	2007.mtsummit
Using corpora for natural language generation	ucnlg	2007		?? Not mentionned on TOC	TRUE	http://www.mt-archive.info/05/MTS-2007-TOC.htm	?? Not mentionned on TOC		Copenhagen, Denmark	http://www.mt-archive.info/MTS-2007-WS-1-complete.pdf	TOC	Programme: http://www.mt-archive.info/MTS-2007-WS-4-programme.pdf 	2007.ucnlg	2007.mtsummit
Automatic procedures in MT evaluation	aptmte	2007		?? Not mentionned on TOC	TRUE	http://www.mt-archive.info/05/MTS-2007-TOC.htm	?? Not mentionned on TOC		Copenhagen, Denmark		TOC		2007.aptmte	2007.mtsummit
Proceedings of MT Summit XII	mtsummit	2009		?? Not mentionned on TOC	TRUE	http://www.mt-archive.info/05/MTS-2009-TOC.htm	??Laurie Gerber Conference chair?	August 26-30	Ottawa, Canada		TOC		2009.mtsummit	2009.mtsummit
CAASL3: Third Workshop on Computational Approaches to Arabic- Script-based Languages	caasl	2009		?? Not mentionned on TOC	TRUE	http://www.mt-archive.info/05/MTS-2009-TOC.htm	?? Not mentionned on TOC		Ottawa, Canada		TOC		2009.caasl	2009.mtsummit
Proceedings of the Third Workshop on Patent Translation	wpt	2009		?? Not mentionned on TOC	TRUE	http://www.mt-archive.info/05/MTS-2009-TOC.htm	?? Not mentionned on TOC		Ottawa, Canada		TOC		2009.wpt	2009.mtsummit
Beyond Translation Memories: New Tools for Translators Workshop	btm	2009		?? Not mentionned on TOC	TRUE	http://www.mt-archive.info/05/MTS-2009-TOC.htm	?? Not mentionned on TOC		Ottawa, Canada		TOC		2009.btm	2009.mtsummit
Proceedings of the 13th Machine Translation Summit	mtsummit	2011		?? Not mentionned on TOC	TRUE	http://www.mt-archive.info/10/MTS-2011-TOC.htm	??see http://www.mt-archive.info/10/MTS-2011-prelims.pdf Program Chair: Hiromi Nakaiwa	September 19-23	Xiamen, China		TOC	Front cover link: http://www.mt-archive.info/10/MTS-2011-prelims.pdf	2011.mtsummit	2011.mtsummit
Proceedings of the 4th Workshop on Patent Translation	wpt	2011		?? Not mentionned on TOC	TRUE	http://www.mt-archive.info/10/MTS-2011-patents-TOC.htm	Shoichi Yokoyama	September 23	Xiamen, China		TOC		2011.wpt	2011.mtsummit
Machine Translation Summit XIV	mtsummit	2013		?? Not mentionned on TOC	TRUE	http://www.mt-archive.info/10/MTS-2013-TOC.htm	Andy Way and Khalil Sima’an and Mikel L.Forcada and Daniel Grasmick and Heidi Depaetere	September 2-6	Nice, France		TOC		2013.mtsummit	2013.mtsummit
Proceedings of the 5th Workshop on Patent Translation	wpt	2013		?? Not mentionned on TOC	TRUE	http://www.mt-archive.info/10/MTS-2013-W1-TOC.htm	Shoichi Yokoyama	September 2	Nice, France		TOC		2013.wpt	2013.mtsummit
2nd Workshop on Post-editing Technology and Practice (WPTP 2013)	wptp	2013		?? Not mentionned on TOC	TRUE	http://www.mt-archive.info/10/MTS-2013-W2-TOC.htm	Sharon O’Brien and Michel Simard and Lucia Specia	September 2	Nice, France		TOC		2013.wptp	2013.mtsummit
Proceedings of the Workshop on Multi-word Units in Machine Translation and Translation Technologies	wmwumttt	2013		?? Not mentionned on TOC	TRUE	http://www.mt-archive.info/10/MTS-2013-W4-TOC.htm	Johanna Monti and Ruslan Mitkov and Gloria Corpas Pastor	September 3	Nice, France		TOC		2013.wmwumttt	2013.mtsummit
Proceedings of MT Summit XV	mtsummit	2015			TRUE	http://www.mt-archive.info//15/MTS-2015-TOC.htm		October 30 – November 3	Miami, USA		TOC		2015.mtsummit	2015.mtsummit
4th Workshop on Post-editing Technology and Practice (WPTP 2015)	wptp	2015			TRUE	http://www.mt-archive.info//15/MTS-2015-TOC.htm		October 30 – November 3	Miami, USA		TOC		2015.wptp	2015.mtsummit
6th Workshop on Patent and Scientific Literature Translation (WPSLT)	wpslt	2015			TRUE	http://www.mt-archive.info//15/MTS-2015-TOC.htm		October 30 – November 3	Miami, USA		TOC		2015.wpslt	2015.mtsummit
Proceedings of the First Conference of the Association for Machine Translation in the Americas	amta	1994			TRUE	http://www.mt-archive.info/90/AMTA-1994-TOC.htm	?? John Hutchins	October 5-8	Columbia, Maryland, USA		TOC		1994.amta	
Conference of the Association for Machine Translation in the Americas	amta	1996			TRUE	http://www.mt-archive.info/90/AMTA-1996-TOC.htm	??	October 2-5	Montreal, Canada		TOC		1996.amta	
Conference of the Association for Machine Translation in the Americas	amta	1998			TRUE	http://www.mt-archive.info/90/AMTA-1998-TOC.htm	David Farwell and Laurie Gerber and Eduard Hovy	October 28-31	Langhorne, USA		TOC		1998.amta	
Conference of the Association for Machine Translation in the Americas	amta	2000			TRUE	http://www.mt-archive.info/00/AMTA-2000-TOC.htm	John S. White	October 10-14	Cuernavaca. Mexico		TOC		2000.amta	
Machine translation in practice: from old guard to new guard	amta	2000			TRUE	http://www.mt-archive.info/00/AMTA-2000-TOC.htm	??	October 10	Cuernavaca. Mexico		TOC		2000.amtaw	
Conference of the Association for Machine Translation in the Americas	amta	2002		Springer Verlag	TRUE	http://www.mt-archive.info/00/AMTA-2002-TOC.htm	Stephen D. Richardson	October 8-12	Tiburon, USA		TOC		2002.amta	
Conference of the Association for Machine Translation in the Americas	amta	2004		Springer Verlag	TRUE	http://www.mt-archive.info/00/AMTA-2004-TOC.htm	Robert E. Frederking and Kathryn B. Taylor	September 28 - October 2	Washington, USA		TOC		2004.amta	
Conference of the Association for Machine Translation in the Americas	amta	2006		??	TRUE	http://www.mt-archive.info/05/AMTA-2006-TOC.htm	??	August 8-12	Cambridge, Massachusetts, USA		TOC		2006.amta	
Conference of the Association for Machine Translation in the Americas	amta	2007	In Anthology	??	TRUE	http://www.mt-archive.info/05/NAACL-HLT-2007-TOC.htm	??	April 26	Rochester, New York, USA		TOC		2007.amta	
Conference of the Association for Machine Translation in the Americas	amta	2008	Skip	??	FALSE	http://www.mt-archive.info/05/AMTA-2008-TOC.htm	??	October 21-25	Waikiki, USA		TOC		2008.amta	
Conference of the Association for Machine Translation in the Americas	amta	2010		??	TRUE	http://www.mt-archive.info/10/AMTA-2010-TOC.htm	??	October 31-November 4	Denver, Colorado, USA		TOC	for Second Joint EM+/CNGL Workshop “Bringing MT to the User: Research on Integrating MT in the Translation Industry" (JEC 2010). Link: http://www.mt-archive.info/10/JEC-2010-TOC.htm please see the file 2010.other	2010.amta	
Collaborative Translation: technology, crowdsourcing,and the translator perspective	amta	2010			TRUE	http://www.mt-archive.info/10/AMTA-2010-TOC.htm			Denver, Colorado, USA		TOC		2010.amtaw	
Proceedings of the Second Joint EM+/CNGL Workshop “Bringing MT to the User: Research on Integrating MT in the Translation Industry” JEC 2010	amta	2010			TRUE	http://www.mt-archive.info/10/JEC-2010-TOC.htm	Ventsislav Zhechev	November 4	Denver, Colorado, USA		TOC		2010.jec	
Conferences of the Association for Machine Translation in the Americas	amta	2012		??	TRUE	http://www.mt-archive.info/10/AMTA-2012-TOC.htm	??	October 28-November 1	San Diego, California, USA		TOC	Skiped: Government MT User Program section	2012.amta	
Workshop on Post-Editing Technology and Practice (WPTP 2012)	amta	2012		??	TRUE	http://www.mt-archive.info/10/AMTA-2012-WS-WPTP.pdf	??	October 28-November 1	San Diego, California, USA		PDF		2012.amta	
CAASL4: Fourth Workshop on Computational Approaches to Arabic-Script-based Languages	amta	2012		??	TRUE	http://www.mt-archive.info/10/AMTA-2012-WS-Arabic.pdf	??	October 28-November 1	San Diego, California, USA		PDF		2012.amta	
Workshop on Monolingual Machine Translation (MONOMT 2012)	amta	2012		??	TRUE	http://www.mt-archive.info/10/AMTA-2012-WS-Monolingual.pdf	??	October 28-November 1	San Diego, California, USA		PDF		2012.amta	
Conferences of the Association for Machine Translation in the Americas	amta	2014		??	TRUE	http://www.mt-archive.info/10/AMTA-2014-TOC.htm	Yaser Al-Onaizan and Michel Simard and Olga Beregovaya and Mike Dillinger and Jennifer Doyon and Raymond Flournoy and Patti O’Neill-Brown and Chuck Simmons and Francisco Casacuberta and Marcello Federico and Philipp Koehn and Sharon O’Brien and Michel Simard and Lucia Specia	October 22-26	Vancouver, Canada		TOC		2014.amta	
Workshop on interactive and adaptive machine translation	amta	2014		??	TRUE	http://www.mt-archive.info/10/AMTA-2014-TOC.htm	Francisco Casacuberta and Marcello Federico and Philipp Koehn		Vancouver, Canada		TOC		2014.amtaw	
Third workshop on post-editing technology and practice (WPTP-3)	amta	2014		??	TRUE	http://www.mt-archive.info/10/AMTA-2014-TOC.htm	Sharon O’Brien and Michel Simard and Lucia Specia		Vancouver, Canada		TOC		2014.wptp	
Conferences of the Association for Machine Translation in the Americas	amta	2016		??	TRUE	https://amtaweb.org/amta-2016-proceedings-are-available/	Spence Green and Lane Schwartz	October 28 - November 1	Austin, TX, USA	https://amtaweb.org/wp-content/uploads/2016/10/AMTA2016_Research_Proceedings_v7.pdf	PDF		2016.amta-v1	
Conferences of the Association for Machine Translation in the Americas	amta	2016		??	TRUE	https://amtaweb.org/amta-2016-proceedings-are-available/	Olga Beregovaya and Jennifer Doyon and Lucie Langlois and Steve Richardson	October 28 - November 2	Austin, TX, USA	https://amtaweb.org/wp-content/uploads/2017/02/AMTA2016_User_Track_Proceedings_v9updated_gov_papers.pdf	PDF		2016.amta-v2	
Conferences of the Association for Machine Translation in the Americas	amta	2016		??	TRUE	https://amtaweb.org/amta-2016-proceedings-are-available/	Olga Beregovaya and Jennifer Doyon and Lucie Langlois and Steve Richardson	October 28 - November 2	Austin, TX, USA		TOC	Tutorials	2016.amta-tuto	
International Conference on Methodology and Techniques of Machine Translation (processing from words to language)	bcs	1984		?? Not mentionned on TOC	TRUE	http://www.mt-archive.info/70/BCS-1984-TOC.htm	?? Not mentionned on TOC	February 13-15	Cranfield University, UK		TOC		1984.bcs	
Proceedings of the Second international conference organised by Cranfield University	bcs	1994		?? Not mentionned on TOC	TRUE	http://www.mt-archive.info/90/BCS-1994-TOC.htm	?? Not mentionned on TOC	November 12-14	Cranfield University, UK		TOC		1994.bcs	
Machine Translation and Multilingual Applications in the New Millennium	bcs	2000		?? Not mentionned on TOC	TRUE	http://www.mt-archive.info/00/BCS-2000-TOC.htm	?? Not mentionned on TOC	November 20-22	University of Exeter, UK		TOC		2000.bcs	
The Challenge of Arabic for NLP/MT	bcs	2006		?? Not mentionned on TOC	TRUE	http://www.mt-archive.info/05/BCS-2006-TOC.htm	?? Not mentionned on TOC	October 23	London, UK		TOC		2006.bcs	
Joint Conference combining the 8th International Workshop of the European Association for Machine Translation and the 4th Controlled Language Applications Workshop	claw	2003		?? Not mentionned on TOC	TRUE	http://www.mt-archive.info/00/CLT-2003-TOC.htm	??Jörg Schütz	May 15-17	Dublin City University, Ireland		TOC	MT News International no. 33, : http://www.mt-archive.info/00/MTNI-33.pdf	2003.claw	
Controlled Language Applications (CLAW)	claw	2006		?? Not mentionned on TOC	TRUE	http://www.mt-archive.info/05/CLAW-2006-TOC.htm	?? Not mentionned on TOC	August 12	Cambridge, Massachusetts, USA		TOC		2006.claw	2006.amta
International Workshop on Example-Based Machine Translation	ebmt	2001	Duplicate	?? Not mentionned on TOC	FALSE	http://www.mt-archive.info/00/MTS-2001-EBMT-WS.htm	??Organisers: Michael Carl and Andy Way	September 18	Santiago de Compostela, Spain		TOC		2001.ebmt	2001.mtsummit
International Workshop on Example-Based Machine Translation	ebmt	2005		?? Not mentionned on TOC	TRUE	http://www.mt-archive.info/05/MTS-2005-EBMT-WS.htm		September 16	Phuket, Tailand		TOC		2005.ebmt	
International Workshop on Example-Based Machine Translation	ebmt	2009	None, link points the wrong page	?? Not mentionned on TOC	FALSE	http://www.mt-archive.info/05/EBMT-2009-TOC.htm		November 12-13	Dublin, Ireland		TOC		2009.ebmt	
International Workshop on Free/Open-Source Rule-Based Machine Translation	freeopmt	2009		?? Not mentionned on TOC	TRUE	http://www.mt-archive.info/05/FreeRBMT-2009-TOC.htm	Juan Antonio Pérez-Ortiz and Felipe Sánchez-Martinez and Francis M.Tyers	November 2-3	Alacant, Spain		TOC		2009.freeopmt	
International Workshop on Free/Open-Source Rule-Based Machine Translation	freeopmt	2011		?? Not mentionned on TOC	TRUE	http://www.mt-archive.info/10/FreeRBMT-2011-TOC.htm	Felipe Sánchez-Martinez and Juan Antonio Pérez-Ortiz	January 20-21	Barcelona, Spain		TOC		2011.freeopmt	
International Workshop on Free/Open-Source Rule-Based Machine Translation	freeopmt	2012		?? Not mentionned on TOC	TRUE	http://www.mt-archive.info/10/FreeRBMT-2012-TOC.htm	Cristina España-Bonet and Aarne Ranta	June 13-15	Gothenburg, Sweden		TOC		2012.freeopmt	
International Workshop on Spoken Language Translation (IWSLT)	iwslt	2004		?? Not mentionned on TOC	TRUE	http://www.mt-archive.info/00/IWSLT-2004-TOC.htm	?? Not mentionned on TOC	September 30 – October 1	Kyoto, Japan		TOC		2004.iwslt	
International Workshop on Spoken Language Translation (IWSLT)	iwslt	2005	In Anthology		FALSE	http://www.mt-archive.info/05/IWSLT-2005-TOC.htm		October 24-25	Pittsburgh, Pennsylvania, USA		TOC		2005.iwslt	
International Workshop on Spoken Language Translation (IWSLT)	iwslt	2006		?? Not mentionned on TOC	TRUE	http://www.mt-archive.info/05/IWSLT-2006-TOC.htm	?? Not mentionned on TOC	November 27-28	Kyoto, Japan		TOC		2006.iwslt	
International Workshop on Spoken Language Translation (IWSLT)	iwslt	2007		?? Not mentionned on TOC	TRUE	http://www.mt-archive.info/05/IWSLT-2007-TOC.htm	?? Not mentionned on TOC	October 15-16	Trento, Italy		TOC		2007.iwslt	
International Workshop on Spoken Language Translation (IWSLT)	iwslt	2008		?? Not mentionned on TOC	TRUE	http://www.mt-archive.info/05/IWSLT-2008-TOC.htm	?? Not mentionned on TOC	October 20-21	Waikiki, Hawai’i		TOC		2008.iwslt	
International Workshop on Spoken Language Translation (IWSLT)	iwslt	2009		?? Not mentionned on TOC	TRUE	http://www.mt-archive.info/05/IWSLT-2009-TOC.htm	?? Not mentionned on TOC	December 1-2	Tokyo, Japan		TOC		2009.iwslt	
International Workshop on Spoken Language Translation (IWSLT)	iwslt	2010		?? Not mentionned on TOC	TRUE	http://www.mt-archive.info/10/IWSLT-2010-TOC.htm	?? Not mentionned on TOC	December 2-3	Paris, France		TOC	unpublished proceedings	2010.iwsltu	
International Workshop on Spoken Language Translation (IWSLT)	iwslt	2010		?? Not mentionned on TOC	TRUE	http://www.mt-archive.info/10/IWSLT-2010-proceedings.htm	?? Not mentionned on TOC	December 2-4	Paris, France			Published proceedings	2010.iwslt	
International Workshop on Spoken Language Translation (IWSLT)	iwslt	2011		?? Not mentionned on TOC	TRUE	http://www.mt-archive.info/10/IWSLT-2011-TOC.htm	Marcello Federico and Mei-Yuh Hwang and Margit Rödder and Sebastian Stüker	December 8-9	San Francisco, California		TOC		2011.iwslt	
International Workshop on Spoken Language Translation (IWSLT)	iwslt	2012		?? Not mentionned on TOC	TRUE	http://www.mt-archive.info/10/IWSLT-2012-TOC.htm	?? Not mentionned on TOC	December 6-7	Hong Kong, Table of contents		TOC		2012.iwslt	
International Workshop on Spoken Language Translation (IWSLT)	iwslt	2013		?? Not mentionned on TOC	TRUE	http://www.mt-archive.info/10/IWSLT-2013-TOC.htm	Joy Ying Zhang	December 5-6	Heidelberg, Germany		TOC		2013.iwslt	
International Workshop on Spoken Language Translation (IWSLT)	iwslt	2014		?? Not mentionned on TOC	TRUE	http://www.mt-archive.info/10/IWSLT-2014-TOC.htm	Marcello Federico and Sebastian Stüker and François Yvon	December 4-5	Lake Tahoe, California		TOC		2014.iwslt	
International Workshop on Spoken Language Translation (IWSLT)	iwslt	2015		?? Not mentionned on TOC	TRUE	http://www.mt-archive.info//15/IWSLT-2015-TOC.htm	Marcello Federico and Sebastian Stüker and Jan Niehues	December 3-4	Da Nang, Vietnam		TOC		2015.iwslt	
Machine Translation Marathon	mtm	2007	Skip		FALSE	http://www.mt-archive.info/05/MTMarathon-2007-TOC.htm		April 16-20	Edinburgh, UK		TOC		2007.mtm	
Machine Translation Marathon	mtm	2008	Skip		FALSE	http://www.mt-archive.info/05/MTMarathon-2008-TOC.htm		May 12-17	Berlin, Germany		TOC		2008.mtm	
Machine Translation Marathon	mtm	2009	Skip		FALSE	http://www.mt-archive.info/05/MTMarathon-2009-TOC.htm		January 26-30	Prague, Czech Republic		TOC		2009.mtm	
Machine Translation Marathon	mtm	2010	Skip		FALSE	http://www.mt-archive.info/10/MTMarathon-2010-TOC.htm		January 25-30	Dublin, Ireland		TOC		2010.mtm	
Machine Translation Marathon	mtm	2010	Skip		FALSE	http://www.mt-archive.info/10/MTMarathon-5-2010-TOC.htm		September 13-18	Le Mans, France		TOC		2010.mtm	
Machine Translation Marathon	mtm	2011	Skip		FALSE	http://www.mt-archive.info/10/MTMarathon-2011-TOC.htm		September 5-10	Trento, Italy		TOC		2011.mtm	
Machine Translation Marathon	mtm	2012	Skip		FALSE	http://www.mt-archive.info/10/MTMarathon-2012-TOC.htm		September 3-8	Edinburgh, UK		TOC		2012.mtm	
META-FORUM	mtf	2010		?? Not mentionned on TOC	TRUE	http://www.mt-archive.info/10/META-FORUM-2010-TOC.htm	?? Not mentionned on TOC	November 17-18	Brussels, Belgium		TOC		2010.mtf	
META-FORUM	mtf	2011		?? Not mentionned on TOC	TRUE	http://www.mt-archive.info/10/META-FORUM-2011-TOC.htm	?? Not mentionned on TOC	June 27-28	Budapest, Hungary		TOC		2011.mtf	
META-FORUM	mtf	2012			FALSE	http://www.mt-archive.info/10/META-FORUM-2012-summary.htm		June 19-20	Brussels, Belgium		PDF	Skip, too inconsistent	2012.mtf	
Syntax and Structure in Statistical Translation (SSST)	ssst	2007	In Anthology		FALSE	http://www.mt-archive.info/05/SSST-2007-TOC.htm		April 26	Rochester, New York, USA		TOC		2007.ssst	
Syntax and Structure in Statistical Translation (SSST)	ssst	2008	In Anthology		FALSE	http://www.mt-archive.info/05/SSST-2008-TOC.htm		June 20	Columbus, Ohio		TOC		2008.ssst	
Syntax and Structure in Statistical Translation (SSST)	ssst	2009	In Anthology		FALSE	http://www.mt-archive.info/05/SSST-2009-TOC.htm		June 5	Boulder, Colorada		TOC		2009.ssst	
Syntax and Structure in Statistical Translation (SSST)	ssst	2010	In Anthology		FALSE	http://www.mt-archive.info/10/SSST-2010-TOC.htm		August 28	Beijing, China		TOC		2010.ssst	
Syntax and Structure in Statistical Translation (SSST)	ssst	2011	In Anthology		FALSE	http://www.mt-archive.info/10/SSST-2011-TOC.htm		June 23	Portland, Oregon		TOC		2011.ssst	
Syntax and Structure in Statistical Translation (SSST)	ssst	2012	In Anthology		FALSE	http://www.mt-archive.info/10/SSST-2012-TOC.htm		July 12-13	Jeju, Korea		TOC		2012.ssst	
Syntax and Structure in Statistical Translation (SSST)	ssst	2013	In Anthology		FALSE	http://www.mt-archive.info/10/SSST-2013-TOC.htm		June 13	Atlanta, Georgia		TOC		2013.ssst	
Syntax and Structure in Statistical Translation (SSST)	ssst	2014	In Anthology		FALSE	http://www.mt-archive.info/10/SSST-2014-TOC.htm		October 25	Doha, Qatar		TOC		2014.ssst	
Theoretical and Methodological Issues in Machine Translation (TMI)	tmi	1985		?? Not mentionned on TOC	TRUE	http://www.mt-archive.info/70/TMI-1985-TOC.htm	?? Not mentionned on TOC	August 14-16	Hamilton, NY		TOC		1985.tmi	
Second International Conference on Theoretical and Methodological Issues in Machine Translation of Natural Languages	tmi	1988		?? Not mentionned on TOC	TRUE	http://www.mt-archive.info/70/TMI-1988-TOC.htm	?? Not mentionned on TOC	June 12-14	Pittsburgh, USA		TOC		1988.tmi	
Theoretical and Methodological Issues in Machine Translation (TMI)	tmi	1990		?? Not mentionned on TOC	TRUE	http://www.mt-archive.info/90/TMI-1990-TOC.htm	?? Not mentionned on TOC	June 11-13	University of Texas, Austin		TOC		1990.tmi	
Theoretical and Methodological Issues in Machine Translation (TMI)	tmi	1992		?? Not mentionned on TOC	TRUE	http://www.mt-archive.info/90/TMI-1992-TOC.htm	?? Not mentionned on TOC	June 25-27	Montréal, Canada		TOC		1992.tmi	
The Fifth International Conference on Theoretical and Methodological Issues in Machine Translation with special emphasis on:  MT in the Next Generation	tmi	1993		?? Not mentionned on TOC	TRUE	http://www.mt-archive.info/90/TMI-1993-TOC.htm	?? Not mentionned on TOC	July 14-16	Kyoto, Japan		TOC		1993.tmi	
The Sixth International Conference on Theoretical and Methodological Issues in Machine Translation	tmi	1995		?? Not mentionned on TOC	TRUE	http://www.mt-archive.info/90/TMI-1995-TOC.htm	?? Not mentionned on TOC	July 5-7	Katholieke Universiteit, Leuven		TOC		1995.tmi	
Proceedings of the 7th International Conference on Theoretical and Methodological Issues in Machine Translation	tmi	1997		?? Not mentionned on TOC	TRUE	http://www.mt-archive.info/90/TMI-1997-TOC.htm	?? Not mentionned on TOC	July 23-25	St John’s College, Santa Fe		TOC	Mt news international: http://www.mt-archive.info/MTNI-18.pdf	1997.tmi	
Theoretical and Methodological Issues in Machine Translation (TMI)	tmi	1999		?? Not mentionned on TOC	TRUE	http://www.mt-archive.info/90/TMI-1999-TOC.htm	?? Not mentionned on TOC	August 23-25	University College, Chester		TOC		1999.tmi	
Theoretical and Methodological Issues in Machine Translation (TMI)	tmi	2002		?? Not mentionned on TOC	TRUE	http://www.mt-archive.info/00/TMI-2002-TOC.htm	?? Not mentionned on TOC	March 13-17	Keihanna, Japan		TOC		2002.tmi	
Workshop: machine translation roadmap	tmi	2002		?? Not mentionned on TOC	TRUE	http://www.mt-archive.info/00/TMI-2002-TOC.htm	??Niels Ole Bernsen and Andreas Eisele and Dorothea Ziegler-Eisele	March 13-17	Keihanna, Japan				2002.tmiw	
Theoretical and Methodological Issues in Machine Translation (TMI)	tmi	2004		?? Not mentionned on TOC	TRUE	http://www.mt-archive.info/00/TMI-2004-TOC.htm	?? Not mentionned on TOC	October 4-6	Baltimore, Maryland		TOC		2004.tmi	
Theoretical and Methodological Issues in Machine Translation (TMI)	tmi	2007		?? Not mentionned on TOC	TRUE	http://www.mt-archive.info/05/TMI-2007-TOC.htm	Andy Way and Barbara Gawronska	September 7-9	Skövde, Sweden	http://www.mt-archive.info/05/TMI-2007-complete.pdf	TOC		2007.tmi	
Translating and the Computer	tc	1978		?? Aslib	TRUE	http://www.mt-archive.info/70/Aslib-1978-TOC.htm	BARBARA M.SNELL	November 14	London, UK		TOC		1978.tc	
Translating and the Computer: Machine aids for translators	tc	1980		?? Aslib	TRUE	http://www.mt-archive.info/70/Aslib-1980-TOC.htm	??VERONICA LAWSON	November 20	London, UK		TOC		1980.tc	
Translating and the Computer: Practical experience of machine translation	tc	1981		?? Aslib	TRUE	http://www.mt-archive.info/70/Aslib-1981-TOC.htm	VERONICA LAWSON	November 5-6	London, UK		TOC		1981.tc	
Translating and the Computer: Term banks for tomorrow’s world: Translating and the Computer 4	tc	1982		?? Aslib	TRUE	http://www.mt-archive.info/70/Aslib-1982-TOC.htm	Barbara Snell	November 11-12	London, UK		TOC		1982.tc	
Translating and the Computer: Tools for the trade: Translating and the Computer 5	tc	1983		?? Aslib	TRUE	http://www.mt-archive.info/70/Aslib-1983-TOC.htm	Veronica Lawson	November 10-11	London, UK		TOC		1983.tc	
Translating and the Computer: Translation and communication	tc	1984		?? [London]: Aslib, 1985	TRUE	http://www.mt-archive.info/70/Aslib-1984-TOC.htm	CATRIONA PICKEN	November 20-21	London, UK		TOC		1984.tc	
Translating and the Computer 7	tc	1985		??London: Aslib, 1986	TRUE	http://www.mt-archive.info/70/Aslib-1985-TOC.htm	CATRIONA PICKEN	November 14-15	London, UK		TOC		1985.tc	
Translating and the Computer 8: a profession on the move	tc	1986		??London: Aslib	TRUE	http://www.mt-archive.info/70/Aslib-1986-TOC.htm	 Catriona Picken	November 13-14	London, UK		TOC		1986.tc	
Translating and the Computer 9: potential and practice	tc	1987		??London: Aslib	TRUE	http://www.mt-archive.info/70/Aslib-1987-TOC.htm	Catriona Picken	November 12-13	London, UK		TOC		1987.tc	
Translating and the Computer 10: the translation environment 10 years on	tc	1988		??London: Aslib	TRUE	http://www.mt-archive.info/70/Aslib-1988-TOC.htm	PAMELA MAYORCAS	November 10-11	London, UK		TOC		1988.tc	
Translating and the Computer 11: preparing for the next decade	tc	1989		??London: Aslib	TRUE	http://www.mt-archive.info/70/Aslib-1989-TOC.htm	CATRIONA PICKEN	November 16-17	London, UK		TOC		1989.tc	
Translating and the Computer 12: applying technology to the translation process	tc	1990		??London: Aslib, 1991	TRUE	http://www.mt-archive.info/90/Aslib-1990-TOC.htm	Catriona Picken	November 8-9	London, UK		TOC		1990.tc	
Translating and the Computer 13: the theory and practice of machine translation – a marriage of convenience?	tc	1991		?? Not mentionned on TOC	TRUE	http://www.mt-archive.info/90/Aslib-1991-TOC.htm	?? Not mentionned on TOC	November 28-29	London, UK		TOC		1991.tc	
Translating and the Computer 14: quality standards and the implementation of technology in translation	tc	1992		??London: Aslib	TRUE	http://www.mt-archive.info/90/Aslib-1992-TOC.htm	?? Not mentionned on TOC	November 10-11	London, UK		TOC		1992.tc	
Translating and the Computer 15	tc	1993		??London: Aslib	TRUE	http://www.mt-archive.info/90/Aslib-1993-TOC.htm	?? Not mentionned on TOC	November 18-19	London, UK		TOC		1993.tc	
Translating and the Computer 16	tc	1994		??London: Aslib	TRUE	http://www.mt-archive.info/90/Aslib-1994-TOC.htm	?? Not mentionned on TOC	November 10-11	London, UK		TOC		1994.tc	
Translating and the Computer 17	tc	1995		??London: Aslib	TRUE	http://www.mt-archive.info/90/Aslib-1995-TOC.htm	?? Not mentionned on TOC	November 9-10	London, UK		TOC		1995.tc	
Translating and the Computer 18	tc	1996		??London: Aslib	TRUE	http://www.mt-archive.info/90/Aslib-1996-TOC.htm	?? Not mentionned on TOC	November 14-15	London, UK		TOC		1996.tc	
Translating and the Computer 19	tc	1997		??London: Aslib	TRUE	http://www.mt-archive.info/90/Aslib-1997-TOC.htm	?? Not mentionned on TOC	November 13-14	London, UK		TOC		1997.tc	
Translating and the Computer 20	tc	1998		??London: Aslib	TRUE	http://www.mt-archive.info/90/Aslib-1998-TOC.htm	?? Not mentionned on TOC	November 12-13	London, UK		TOC		1998.tc	
Translating and the Computer 21	tc	1999		??London: Aslib	TRUE	http://www.mt-archive.info/90/Aslib-1999-TOC.htm	?? Not mentionned on TOC	November 10-11	London, UK		TOC		1999.tc	
Translating and the Computer 22	tc	2000		??London: Aslib	TRUE	http://www.mt-archive.info/00/Aslib-2000-TOC.htm	?? Not mentionned on TOC	November 16-17	London, UK		TOC		2000.tc	
Translating and the Computer 23	tc	2001		??London: Aslib	TRUE	http://www.mt-archive.info/00/Aslib-2001-TOC.htm	?? Not mentionned on TOC	November 29-30	London, UK		TOC		2001.tc	
Translating and the Computer 24	tc	2002		??London: Aslib	TRUE	http://www.mt-archive.info/00/Aslib-2002-TOC.htm	?? Not mentionned on TOC	November 21-22	London, UK		TOC		2002.tc	
Translating and the Computer 25	tc	2003		??London: Aslib	TRUE	http://www.mt-archive.info/00/Aslib-2003-TOC.htm	?? Not mentionned on TOC	November 20-21	London, UK		TOC		2003.tc	
Translating and the Computer 26	tc	2004		??London: Aslib	TRUE	http://www.mt-archive.info/00/Aslib-2004-TOC.htm	?? Not mentionned on TOC	November 18-19	London, UK		TOC		2004.tc	
Translating and the Computer 27	tc	2005		??London: Aslib	TRUE	http://www.mt-archive.info/05/Aslib-2005-TOC.htm	?? Not mentionned on TOC	November 24-25	London, UK		TOC		2005.tc	
Translating and the Computer 28	tc	2006		??London: Aslib	TRUE	http://www.mt-archive.info/05/Aslib-2006-TOC.htm	?? Not mentionned on TOC	November 16-17	London, UK		TOC		2006.tc	
Translating and the Computer 29	tc	2007		??London: Aslib	TRUE	http://www.mt-archive.info/05/Aslib-2007-TOC.htm	?? Not mentionned on TOC	November 29-30	London, UK		TOC		2007.tc	
Translating and the Computer 30	tc	2008		??London: Aslib	TRUE	http://www.mt-archive.info/05/Aslib-2008-TOC.htm	?? Not mentionned on TOC	November 27-28	London, UK		TOC		2008.tc	
Translating and the Computer 31	tc	2009		??London: Aslib	TRUE	http://www.mt-archive.info/05/Aslib-2009-TOC.htm	?? Not mentionned on TOC	November 19-20	London, UK		TOC		2009.tc	
Translating and the Computer 32	tc	2010		??London: Aslib	TRUE	http://www.mt-archive.info/10/Aslib-2010-TOC.htm	?? Not mentionned on TOC	November 18-19	London, UK		TOC		2010.tc	
Translating and the Computer 33	tc	2011		??London: Aslib	TRUE	http://www.mt-archive.info/10/Aslib-2011-TOC.htm	?? Not mentionned on TOC	November 17-18	London, UK		TOC		2011.tc	
Translating and the Computer 34	tc	2012		??London: Aslib	TRUE	http://www.mt-archive.info/10/Aslib-2012-TOC.htm	?? Not mentionned on TOC	November 29-30	London, UK		TOC		2012.tc	
Translating and the Computer 35	tc	2013		??London: Aslib	TRUE	http://www.mt-archive.info/10/Aslib-2013-TOC.htm	?? Not mentionned on TOC	November 28-29	London, UK		TOC		2013.tc	
Translating and the Computer 36	tc	2014		??AsLing:The International Association for Advancement in Language Technology	TRUE	http://www.mt-archive.info/10/Asling-2014-TOC.htm	??Editions Tradulex, Geneva	November 27-28	London, UK		TOC		2014.tc	
Translating and the Computer 37	tc	2015		??AsLing:The International Association for Advancement in Language Technology	TRUE	http://www.mt-archive.info//15/Asling-2015-TOC.htm	??Editions Tradulex, Geneva	November 26-27	London, UK		TOC		2015.tc	
Translating and the Computer 38	tc	2016		??	TRUE	http://www.mt-archive.info//15/Asling-2016-TOC.htm	??	November 17-18	London, UK		TOC		2016.tc	
Translingual Europe	te	2009			TRUE	http://www.mt-archive.info/05/Translingual-Europe-2009-TOC.htm	??	May 13-14	Prague, Czech Republic		TOC		2009.te	
Translingual Europe	te	2010		??	TRUE	http://www.mt-archive.info/10/Translingual-Europe-2010-TOC.htm	??	June 7	Berlin, Germany		TOC		2010.te	
Workshop on Statistical Machine Translation	wmt	2006	In Anthology		FALSE	http://www.mt-archive.info/05/WMT-2006-TOC.htm		June 8-9	held at: HLT-NAACL 2006		TOC		2006.wmt	
Workshop on Statistical Machine Translation	wmt	2007	In Anthology		FALSE	http://www.mt-archive.info/05/WMT-2007-TOC.htm		June 23	held at: ACL 2007		TOC		2007.wmt	
Workshop on Statistical Machine Translation	wmt	2008	In Anthology		FALSE	http://www.mt-archive.info/05/WMT-2008-TOC.htm		June 19	held at: ACL 2008 HLT		TOC		2008.wmt	
Workshop on Statistical Machine Translation	wmt	2009	In Anthology		FALSE	http://www.mt-archive.info/05/WMT-2009-TOC.htm		March 30-31	held at: EACL 2009		TOC		2009.wmt	
Workshop on Statistical Machine Translation	wmt	2010	In Anthology		FALSE	http://www.mt-archive.info/10/WMT-2010-TOC.htm		July 15-16	held at: ACL 2010		TOC		2010.wmt	
Workshop on Statistical Machine Translation	wmt	2011	In Anthology		FALSE	http://www.mt-archive.info/10/WMT-2011-TOC.htm		July 30-31	held at EMNLP 2011		TOC		2011.wmt	
Workshop on Statistical Machine Translation	wmt	2012	In Anthology		FALSE	http://www.mt-archive.info/10/WMT-2012-TOC.htm		June 7-8	Montréal, Canada		TOC		2012.wmt	
Workshop on Statistical Machine Translation	wmt	2013	In Anthology		FALSE	http://www.mt-archive.info/10/WMT-2013-TOC.htm		August 8-9	Sofia, Bulgaria		TOC		2013.wmt	
Workshop on Statistical Machine Translation	wmt	2014	In Anthology		FALSE	http://www.mt-archive.info/10/WMT-2014-TOC.htm		June 26-27	Baltimore, USA		TOC		2014.wmt	
International Workshop on Computer Aided Translation	other	1985		??King Abdulaziz City for Science & Technology  Riyadh, 1406 A.H./1986	TRUE	http://www.mt-archive.info/70/Wahab-1985-TOC.htm	Dr.A.Razzak A.Wahab and Dr.Mohmoud E.Sieny 	March 16-17	Riyadh, Saudi Arabia		TOC		1985.other	
World Systran Conference	other	1986		??Not mentioned on TOC	TRUE	http://www.mt-archive.info/70/T&T-1986-TOC.htm	??Not mentioned on TOC	February 11-14	Luxembourg, Luxembourg		TOC	Terminologie et Traduction. 1-1986. Numéro special	1986.other	
IAI-MT86	other	1986		??Not mentioned on TOC	TRUE	http://www.mt-archive.info/70/IAI-1986-TOC.htm	??Not mentioned on TOC	August 20-22	Dudweiler, West Germany		TOC		1986b.other	
New Directions in Machine Translation	other	1988		??Mouton de Gruyter	TRUE	http://www.mt-archive.info/70/DLT-1988-Maxwell-TOC.htm	Dan Maxwell and Klaus Schubert and Toon Witkam	August 18-19	Budapest, Hungary		TOC		1988.other	
International Forum for Translation Technology: Harmonizing Human Beings and Computers in Translation	other	1989		??Not mentioned on TOC	TRUE	http://www.mt-archive.info/70/IFTT-1989-TOC.htm	??Not mentioned on TOC	April 26-28	Oiso, Japan		PDF		1989.other	
Workshop on Machine Translation	other	1990		??Not mentioned on TOC	TRUE	http://www.mt-archive.info/90/UMIST-1990-TOC.htm	J.McNaught	July 2-3	UMIST, UK		TOC		1990.other	
Evaluators’ Forum	other	1991		??Not mentioned on TOC	TRUE	http://www.mt-archive.info/90/ISSCO-1991-TOC.htm	Kirsten Falkedal	April 21-24	Les Rasses, Switzerland		TOC	MT news international http://www.mt-archive.info/MTNI-1.pdf	1991.other	
International Workshop on Fundamental Research for the Future Generation of Natural Language Processing	other	1992		??Not mentioned on TOC	TRUE	http://www.mt-archive.info/90/FGNLP-1992-TOC.htm	Sofia Ananiadou	July 30-31	Manchester, UK		TOC		1992.other	
MT Evaluation	other	1992		??Not mentioned on TOC	TRUE	http://www.mt-archive.info/90/AMTA-1992-TOC.htm	Muriel Vasconcellos	November 2-3	San Diego, California		TOC		1992b.other	
ARPA Workshop on Machine Translation	other	1994		??Not mentioned on TOC	TRUE	http://www.mt-archive.info/90/ARPA-1994-TOC.htm	??Not mentioned on TOC	March 17-18	Vienna, Virginia		TOC		1994.other	
Spoken Language Translation	other	1997		??Not mentioned on TOC	TRUE	http://www.mt-archive.info/90/SLT-1997-TOC.htm	Steven Krauwer and Doug Arnold and Walter Kasper and Manny Rayner and Harold Somers	July 11	Madrid, Spain		TOC		1997.other	
MT Eval Workshop	other	2001		??Not mentioned on TOC	TRUE	http://www.mt-archive.info/00/MTEval-2001-TOC.htm	??Not mentioned on TOC	April 19-24	Geneva, Switzerland		TOC		2001.other	
METIS-II Workshop: New Approaches to Machine Translation	other	2007		??Not mentioned on TOC	TRUE	http://www.mt-archive.info/05/METIS-2007-TOC.htm	??Chair: Steven Krauwer	January 11	Leuven, Belgium		TOC		2007.other	
MATMT workshop	other	2008		??Not mentioned on TOC	TRUE	http://www.mt-archive.info/05/MATMT-2008-TOC.htm	Iñaki Alegria and Lluís Màrquez and Kepa Sarasola	February 14	Donostia-San Sebastian	http://www.mt-archive.info/05/MATMT-2008-complete.pdf	TOC		2008.other	
Workshop on Statistical Multilingual Analysis for Retrieval and Translation	eamt	2009		??Not mentioned on TOC	TRUE	http://www.mt-archive.info/05/SMART-2009-TOC.htm	??Not mentioned on TOC	May 13	Barcelona, Spain		TOC		2009.eamtw	
Proceedings of the Second Joint EM+/CNGL Workshop “Bringing MT to the User: Research on Integrating MT in the Translation Industry”	other	2010	Duplicate	??Not mentioned on TOC	TRUE	http://www.mt-archive.info/10/JEC-2010-TOC.htm	Ventsislav Zhechev	November 4	Denver, Colorado		TOC		2010.other	
Machine Translation and Morphologically Rich Languages Research, Workshop of the Israel Science Foundation	other	2011		??Not mentioned on TOC	TRUE	http://www.mt-archive.info/10/MTMRL-2011-TOC.htm	??Not mentioned on TOC	January 23-27	Haifa, Israel		TOC		2011.other	
International Workshop on Using Linguistic Information for Hybrid Machine Translation	other	2011		??Not mentioned on TOC	TRUE	http://www.mt-archive.info/10/LIHMT-2011-TOC.htm	??Not mentioned on TOC	November 18-19	Barcelona, Spain		TOC		2011b.other	
Crosslingual Language Technology in service of an integrated multilingual Europe	other	2012		??Not mentioned on PDF	TRUE	http://www.mt-archive.info/10/CLLT-2012-abs.pdf	??Cristina Vertan and Wolfgang Menzel 	May 4-5	Hamburg, Germany		PDF		2012.other	
ACL-EACL 1997 workshop on “Spoken Language Translation”.	aclw	1997	Duplicate		FALSE	http://www.mt-archive.info/90/SLT-1997-TOC.htm		July 11	??		TOC		1997.aclw	
ACL-EACL workshop "Data-driven machine translation"	aclw	2001	In Anthology		FALSE	http://www.mt-archive.info/00/ACL-EACL-2001-TOC.htm		July 7	??		TOC		2001.aclw	
ACL workshop on "Speech-to-speech translation"	aclw	2002	In Anthology		FALSE	http://www.mt-archive.info/00/ACL-2002-TOC.htm		??	??		TOC		2002.aclw	
ACL workshop on “Building and Using Parallel Texts – Data-driven machine translation and beyond”	aclw	2005	In Anthology		FALSE	http://www.mt-archive.info/05/ACL-2005-WS-PT-TOC.htm		June 29-30	??		TOC		2005.aclw	
ACL second workshop on “Statistical machine translation”.	aclw	2007	In Anthology		FALSE	http://www.mt-archive.info/05/WMT-2007-TOC.htm		June 23	??		TOC		2007.aclw	
ACL 2008 HLT third workshop on “Statistical machine translation”.	aclw	2008	In Anthology		FALSE	http://www.mt-archive.info/05/WMT-2008-TOC.htm		??	??		TOC		2008.aclw	
ACL 2008 HLT second workshop on “Syntax and structure in statistical translation”	aclw	2008	In Anthology		FALSE	http://www.mt-archive.info/05/SSST-2008-TOC.htm		??	??		TOC		2008.aclw	
ACL 2009 workshop on "Named Entities: Shared task on transliteration"	aclw	2009	In Anthology		FALSE	http://www.mt-archive.info/05/NEWS-2009-TOC.htm		??	??		TOC		2009.aclw	
ACL 2010 fifth workshop on “Statistical machine translation”.	aclw	2010	In Anthology		FALSE	http://www.mt-archive.info/10/WMT-2010-TOC.htm		July 15-16	??		TOC		2010.aclw	
ACL 2013 sixth workshop on “Building and using comparable corpora”.	aclw	2013	In Anthology		FALSE	http://www.mt-archive.info/10/BUCC-2013-TOC.htm		August 8	??		TOC		2013.aclw	
ANLP-NAACL,Workshop on 'Embedded machine translation systems'	naaclw	2000	In Anthology		FALSE	http://www.mt-archive.info/00/ANLP-NAACL-2000-TOC.htm		May 4	??		TOC		2000.naaclw	
NAACL-ANLP,Workshop on 'Applied interlinguas: practical applications of interlingual approaches to NLP'	naaclw	2000	In Anthology		FALSE	http://www.mt-archive.info/00/NAACL-ANLP-2000-TOC.htm		May	??		TOC		2000.naaclw	
HLT-NAACL,Workshop on 'Building and using parallel texts: data driven machine translation and beyond'	naaclw	2003	In Anthology		FALSE	http://www.mt-archive.info/00/HLT-NAACL-2003-TOC.htm		May 31	??		TOC		2003.naaclw	
HLT-NAACL,Workshop on 'Medical speech translation'	naaclw	2006	In Anthology		FALSE	http://www.mt-archive.info/05/HLT-NAACL-2006-WS-MST-TOC.htm		June 9	??		TOC		2006.naaclw	
HLT-NAACL,Workshop on 'Statistical machine translation'	naaclw	2006	In Anthology		FALSE	http://www.mt-archive.info/05/WMT-2006-TOC.htm		June 8-9	??		TOC		2006.naaclw	
NAACL-HLT,Workshop on 'Syntax and structure in statistical translation'	naaclw	2007	In Anthology		FALSE	http://www.mt-archive.info/05/SSST-2007-TOC.htm		April 26	??		TOC		2007.naaclw	
NAACL-HLT ,Workshop on 'Syntax and structure in statistical translation (SSST-3).'	naaclw	2009	In Anthology		FALSE	http://www.mt-archive.info/05/SSST-2009-TOC.htm		June 5	??		TOC		2009.naaclw	
Coling "Machine translatiin Asia"	colingw	2002	In Anthology		FALSE	http://www.mt-archive.info/00/Coling-2002-TOC.htm		??	??		TOC		2002.colingw	
Coling “Reordering for statistical machine translation” 	colingw	2012	In Anthology		FALSE	http://www.mt-archive.info/10/Coling-2012-WS-RSMT.htm		??	??		TOC		2012.colingw	
Coling “Applying machine learning techniques to optimize the division of labour in hybrid MT (ML4HMT)” 	colingw	2012	In Anthology		FALSE	http://www.mt-archive.info/10/Coling-2012-WS-ML4HMT.htm		??	??		TOC		2012.colingw	
EACL, ESIRMT-HyTra workshop	eaclw	2012	In Anthology		FALSE	http://www.mt-archive.info/10/EACL-2012-WS-TOC.htm		April 23-24	Avignon, France		TOC		2012.eaclw	
ESSLLI, Workshop on machine translation	essli	1998		?? Not mentionned on TOC	TRUE	http://www.mt-archive.info/90/ESSLLI-1998-TOC.htm	?? Not mentionned on TOC	August 24-28	Saarbrücken, Germany		TOC		1998.essli	
Human Language TechPDFlogy HLT (HLT-NAACL) workshop on '"Building and using parallel texts: data driven machine translation and beyond'	hlt	2003		?? Not mentionned on TOC	TRUE	http://www.mt-archive.info/00/HLT-NAACL-2003-TOC.htm	?? Not mentionned on TOC	May 31	??		TOC		2003.hlt	
Human Language TechPDFlogy HLT (HLT-NAACL) workshop on 'Medical speech translation'	hlt	2006	In Anthology		FALSE	http://www.mt-archive.info/05/HLT-NAACL-2006-WS-MST-TOC.htm		June 9	??		TOC		2006.hlt	
Human Language TechPDFlogy HLT (HLT-NAACL) workshop on 'Statistical machine translation'	hlt	2006	In Anthology		FALSE	http://www.mt-archive.info/05/WMT-2006-TOC.htm		June 8-9	??		TOC		2006.hlt	
Human Language TechPDFlogy HLT (NAACL-HLT) workshop on 'Syntax and structure in statistical translation'	hlt	2007	In Anthology		FALSE	http://www.mt-archive.info/05/SSST-2007-TOC.htm		April 26	??		TOC		2007.hlt	
Human Language TechPDFlogy HLT (ACL 2008 HLT) workshop on 'Statistical machine translation'	hlt	2008	In Anthology		FALSE	http://www.mt-archive.info/05/WMT-2008-TOC.htm		June 19	??		TOC		2008.hlt	
Human Language TechPDFlogy HLT (ACL 2008 HLT) workshop on 'Syntax and structure in statistical translation'	hlt	2008	In Anthology		FALSE	http://www.mt-archive.info/05/SSST-2008-TOC.htm		June 20	??		TOC		2008.hlt	
Human Language TechPDFlogy HLT (NAACL-HLT 2009) workshop on 'Syntax and structure in statistical translation'	hlt	2009	In Anthology		FALSE	http://www.mt-archive.info/05/SSST-2009-TOC.htm		June 5	??		TOC		2009.hlt	
LREC workshop on 'Evaluation of machine translation'	lrecw	2000		?? Not mentionned on TOC	TRUE	http://www.mt-archive.info/00/LREC-2000-TOC.htm	Bente Maegaard	May 29	??		TOC		2000.lrecw	
LREC workshop on 'Machine Translation Evaluation: human evaluators meet automated metrics'	lrec	2002			TRUE	http://www.mt-archive.info/00/LREC-2002-WS-MTEval.pdf		May 27	??	http://www.mt-archive.info/00/LREC-2002-WS-MTEval.pdf	PDF		2002a.lrecw	2002.lrec
LREC workshop on 'First international workshop on UNL'	lrec	2002			TRUE	http://www.mt-archive.info/00/LREC-2002-WS-UNL.pdf		July 3	??	http://www.mt-archive.info/00/LREC-2002-WS-UNL.pdf	PDF		2002b.lrecw	2002.lrec
LREC workshop on 'The utility of parallel and comparable corpora'	lrec	2004			TRUE	http://www.mt-archive.info/00/LREC-2004-WS-Corpora.pdf		June 29	??	http://www.mt-archive.info/00/LREC-2004-WS-Corpora.pdf	PDF		2004.lrecw	2004.lrec
LREC '5th SALTMIL Workshop on Minority Languages: Strategies for developing machine translation for minority languages'	lrecw	2006	Duplicate		FALSE	http://www.mt-archive.info/05/LREC-2006-SALTMIL-WS.pdf		??	??		PDF		2006.lrecw	
LREC 'The fifth workshop on building and using comparable corpora: language resources for machine translation in less-resourced languages and domains'	lrecw	2012		?? Not mentionned on TOC	TRUE	http://www.mt-archive.info/10/BUCC-2012-TOC.htm	?? Not mentionned on TOC	June 29-31	??		TOC		2012.lrecw	
LREC 'Seventh workshop on building and using comparable corpora'	lrecw	2014		?? Not mentionned on TOC	TRUE	http://www.mt-archive.info/10/BUCC-2014-TOC.htm	?? Not mentionned on TOC	June 24	??		TOC		2014.lrecw	
RANLP: International Workshop: Modern approaches in translation technologies	ranlpw	2005	Duplicate		FALSE	http://www.mt-archive.info/05/RANLP-2005-TOC.htm		September 25	Borovets, Bulgaria		TOC		2005.ranlpw	
North American Chapter of the Association for Computational Linguistics (NAACL)		2000	None		FALSE	None		April 29 - May 3	Seattle, Washington   D.C., USA		None			
North American Chapter of the Association for Computational Linguistics (NAACL)		2003	None		FALSE	None		May 27 – June 1	Edmonton, Canada		None			
North American Chapter of the Association for Computational Linguistics (NAACL)		2004	None		FALSE	None		May 1-7	Boston, Mass., USA		None			
North American Chapter of the Association for Computational Linguistics (NAACL)		2006	None		FALSE	None		June	New York, USA		None			
North American Chapter of the Association for Computational Linguistics (NAACL)		2007	None		FALSE	None		April 22-27	Rochester NY		None			
North American Chapter of the Association for Computational Linguistics (NAACL)		2009	None		FALSE	None		May 31 – June 5	Boulder Colorado		None			
North American Chapter of the Association for Computational Linguistics (NAACL)		2010	None		FALSE	None		June 2-4	Los Angeles, CA, USA		None			
North American Chapter of the Association for Computational Linguistics (NAACL)		2012	None		FALSE	None		June 3-8	Montréal, Canada		None			
North American Chapter of the Association for Computational Linguistics (NAACL)		2013	None		FALSE	None		June 9-14	Atlanta, Georgia, USA		None			
Computational Linguistics Coling		1965	None		FALSE	None		??	New York, USA		None			
Computational Linguistics Coling		1967	None		FALSE	None		??	Grenoble, France		None			
Computational Linguistics Coling		1969	None		FALSE	None		??	Sånga Säby, Sweden		None			
Computational Linguistics Coling		1971	None		FALSE	None		??	Debrecen, Hungary		None			
Computational Linguistics Coling		1973	None		FALSE	None		??	Pisa, Italy		None			
Computational Linguistics Coling		1980	None		FALSE	None		??	Tokyo, Japan		None			
Computational Linguistics Coling		1982	None		FALSE	None		??	Prague, Czechoslovakia		None			
Computational Linguistics Coling		1984	None		FALSE	None		July 2-6	Stanford, USA		None			
Computational Linguistics Coling		1986	None		FALSE	None		August 25-29	Bonn, Germany		None			
Computational Linguistics Coling		1988	None		FALSE	None		??	Budapest, Hungary		None			
Computational Linguistics Coling		1990	None		FALSE	None		??	Helsinki, Finland		None			
Computational Linguistics Coling		1992	None		FALSE	None		??	Nantes, France		None			
Computational Linguistics Coling		1994	None		FALSE	None		??	Kyoto, Japan		None			
Computational Linguistics Coling		1996	None		FALSE	None		August 5-9	Copenhagen, Denmark		None			
Computational Linguistics Coling		1998	None		FALSE	None		??	Montreal, Canada		None			
Computational Linguistics Coling		2000	None		FALSE	None		July 29 - August 6	Luxembourg, Luxembourg, Saarbrücken, Germany, Nancy, France		None			
Computational Linguistics Coling		2002	None		FALSE	None		August 26-30	Taipei, Taiwan		None			
Computational Linguistics Coling		2004	None		FALSE	None		August 23-27	Geneva, Switzerland		None			
Computational Linguistics Coling		2006	None		FALSE	None		July 17-21	Sydney, Australia		None			
Computational Linguistics Coling		2008	None		FALSE	None		August 18-22	Manchester, UK		None			
Computational Linguistics Coling		2010	None		FALSE	None		August 23-27	Beijing, China		None			
Computational Linguistics Coling		2012	None		FALSE	None		December 8-15	Mumbai, India		None			
Computational Linguistics Coling		2014	In Anthology		FALSE	http://www.mt-archive.info/10/Coling-2014-TOC.htm		August 23-29	Dublin, Ireland		TOC			
Computational Natural Language Learning (CoNLL)		1997	None		FALSE	None		July 11	Madrid, Spain		None			
Computational Natural Language Learning (CoNLL)		1998	None		FALSE	None		January 11-17	Sydney, Australia		None			
Computational Natural Language Learning (CoNLL)		1999	None		FALSE	None		June 12	Bergen, Norway		None			
Computational Natural Language Learning (CoNLL)		2000	None		FALSE	None		September 13-14	Lisbon, Portugal		None			
Computational Natural Language Learning (CoNLL)		2001	None		FALSE	None		??	Toulouse, France		None			
Computational Natural Language Learning (CoNLL)		2002	None		FALSE	None		??	Taipei, Taiwan		None			
Computational Natural Language Learning (CoNLL)		2003	None		FALSE	None		May 31-June 1	Edmonton, Canada		None			
Computational Natural Language Learning (CoNLL)		2004	None		FALSE	None		May 6-7	Boston, Mass., USA		None			
Computational Natural Language Learning (CoNLL)		2005	None		FALSE	None		June 29-30	Ann Arbor, USA		None			
Computational Natural Language Learning (CoNLL)		2006	None		FALSE	None		June 8-9	New York City, USA		None			
Computational Natural Language Learning (CoNLL)		2007	None		FALSE	None		June 28-30	Prague, Czech Republic		None			
Computational Natural Language Learning (CoNLL)		2008	None		FALSE	None		August 16-17	Manchester, UK		None			
Computational Natural Language Learning (CoNLL)		2012	None		FALSE	None		July 12-14	Jeju, Korea		None			
Controlled Language Applications Workshop (CLAW)		1996	None		FALSE	None		March 26-27	Leuven, Belgium		None			
Controlled Language Applications Workshop (CLAW)		1998	None		FALSE	None		May 21-22	Pittsburgh, USA		None			
Controlled Language Applications Workshop (CLAW)		2003	Duplicate		TRUE	http://www.mt-archive.info/00/CLT-2003-TOC.htm		May 15-17	Dublin, Ireland		TOC			
Controlled Language Applications Workshop (CLAW)		2006	duplicate		FALSE	http://www.mt-archive.info/05/CLAW-2006-TOC.htm		August 12	Cambridge   Mass., USA		TOC		2006.claw	
First International Joint Conference on Natural Language Processing	icjnlp	2004		Berlin/Heidelberg: Springer, 2005	TRUE	http://www.mt-archive.info/00/IJCNLP-2004-abstracts.htm		March 22-24	Hainan Island, China		TOC		2004.icjnlp	
International Joint Conference on Natural Language Processing (IJCNLP)		2005	None		FALSE	None		October 11-13	Jeju Island, Republic of Korea		None			
International Joint Conference on Natural Language Processing (IJCNLP)		2008	None		FALSE	None		January 7-12	Hyderabad, India		None			
International Joint Conference on Natural Language Processing (IJCNLP)		2009	None		FALSE	None		August 2-7	Singapore		None			
International Joint Conference on Natural Language Processing (IJCNLP)		2011	None		FALSE	None		November 8-13	Chiang Mai, Thailand		None			
International Symposium on Data and Sense Mining, Machine Translation and Controlled Languages (ISMTCL)	ismtcl	2009			TRUE	http://www.mt-archive.info/05/ISMTCL-2009-abstracts.htm		July 1-3	Besançon, France		TOC		2009.ismtcl	
NII Test Collection for IR systems (National Institute of Informatics, Tokyo, Japan) [NTCIR]	ntcir	1999			TRUE	http://www.mt-archive.info/jnl/NTCIR-TOC.htm		August 30 - September 1	Tokyo, Japan		TOC		1999.ntcir	
NII Test Collection for IR systems (National Institute of Informatics, Tokyo, Japan) [NTCIR]	ntcir	2001			TRUE	http://www.mt-archive.info/jnl/NTCIR-TOC.htm		 March 7-9	Tokyo, Japan		TOC			
NII Test Collection for IR systems (National Institute of Informatics, Tokyo, Japan) [NTCIR]	ntcir	2002			TRUE	http://www.mt-archive.info/jnl/NTCIR-TOC.htm		October 8-10	Tokyo, Japan		TOC			
NII Test Collection for IR systems (National Institute of Informatics, Tokyo, Japan) [NTCIR]	ntcir	2004			TRUE	http://www.mt-archive.info/jnl/NTCIR-TOC.htm		June 2-4	Tokyo, Japan		TOC			
NII Test Collection for IR systems (National Institute of Informatics, Tokyo, Japan) [NTCIR]	ntcir	2005			TRUE	http://www.mt-archive.info/jnl/NTCIR-TOC.htm		December 6-9	Tokyo, Japan		TOC			
NII Test Collection for IR systems (National Institute of Informatics, Tokyo, Japan) [NTCIR]	ntcir	2007			TRUE	http://www.mt-archive.info/jnl/NTCIR-TOC.htm		May 15-18	Tokyo, Japan		TOC			
NII Test Collection for IR systems (National Institute of Informatics, Tokyo, Japan) [NTCIR]	ntcir	2008			TRUE	http://www.mt-archive.info/jnl/NTCIR-TOC.htm		December 16-19	Tokyo, Japan		TOC			
NTCIR workshops	ntcir	2008		?? Not mentionned on TOC	TRUE	http://www.mt-archive.info/05/NTCIR-2008-PATMT-TOC.htm	?? Not mentionned on TOC		Tokyo, Japan		TOC		2008.ntcir	
International Workshop Modern Approaches in Translation Technologies Proceedings(Held in conjonction with Recent Advances in Natural Language Processing (RANLP))	matt? ranlp?	2005			TRUE	http://www.mt-archive.info/05/RANLP-2005-TOC.htm	Walther v.Hahn and John Hutchins and Cristina Vertan	September 24	Borovets Bulgaria		TOC		2005.matt	
Recent Advances in Natural Language Processing (RANLP)		2009	None		FALSE	None		September 14-16	Borovets ,Bulgaria		None			
Recent Advances in Natural Language Processing (RANLP)		2011	None		FALSE	None		September 12-14	Hissar, Bulgaria		None			
Speech and Language Technology for Minority Languages (SALTMIL)		1998	None		FALSE	None		May 27	Granada, Spain		None			
Speech and Language Technology for Minority Languages (SALTMIL)	saltmil	2006			TRUE	http://www.mt-archive.info/05/LREC-2006-SALTMIL-WS.pdf		May 23	Genoa, Italy		PDF		2006.saltmil	
Speech and Language Technology for Minority Languages (SALTMIL)	saltmil	2009			TRUE	http://www.mt-archive.info/05/SALTMIL-2009.pdf		September 7	Donostia-San Sebastián, Spain		PDF		2009.saltmil	
Speech and Language Technology for Minority Languages (SALTMIL)	saltmil	2010			TRUE	http://www.mt-archive.info/10/LREC-2010-SALTMIL-WS.pdf		May 23	Valetta, Malta		PDF		2010.saltmil	
Speech and Language Technology for Minority Languages (SALTMIL)	saltmil	2012			TRUE	http://www.mt-archive.info/10/SALTMIL-2012.pdf		May 22	??Not specified on conference page-2		PDF		2012.saltmil	
Speech and Natural Language Workshop		1989	None		FALSE	None			Philadelphia, USA		None			
Speech and Natural Language Workshop		1989	None		FALSE	None			Cape Cod, USA		None			
Speech and Natural Language Workshop		1990	None		FALSE	None			Hidden Valley, USA		None			
Speech and Natural Language Workshop		1991	None		FALSE	None			Pacific Grove, USA		None			
Speech and Natural Language Workshop		1992	None		FALSE	None			Harriman, USA		None			
